[
	{
		"id": "udon-st-marks",
		"name": "Udon St Marks",
		"Address": "11 St Marks Pl, New York, NY 10003",
		"Phone": "(332) 209-0533",
		"Hours": "Monday-Friday: 4PM-10PM <br> Saturday-Sunday: 12PM-10PM",
		"Category": "Japanese",
		"Rating": "4.4 Stars- 122 Posts"
	},

	{
		"id": "eyval",
		"name": "Eyval",
		"Address": "25 Bogart St, Brooklyn, NY 11206",
		"Hours": "Monday-Tuesday: Closed" , "Wednesday-Friday: 6PM-10PM Saturday-Sunday: 5:30PM-10PM",
		"Category": "Persian",
		"Rating": "5 Stars- 32 Posts"
	},

	{
		"id": "8282",
		"name": "8282",
		"Address": "82 Stanton St, New York, NY 10002",
		"Phone":"(929) 837-0360",
		"Hours": "Monday-Tuesday: Closed" , "Wednesday-Friday: 6PM-10PM Saturday-Sunday: 5:30PM-10PM",
		"Category": "Persian",
		"Rating": "5 Stars- 32 Posts"
	},

	{
		"id": "eataly-downtown",
		"name": "Eataly Downtown",
		"Address": "101 Liberty St 3rd Floor, New York, NY 10007",
		"Phone":"(212) 897-2895",
		"Hours": "Monday-Sunday: 8AM-9PM" , 
		"Category": "Italian",
		"Rating": "4.3 Stars- 4,672 Posts"
	},

		{
		"id": "kura",
		"name": "Kura",
		"Address": "130 St Marks Pl, New York, NY 10003",
		"Phone":"(212) 228-1010",
		"Hours": "Monday-Saturday: 5PM-8:30PM" , 
		"Category": "Japanese",
		"Rating": "4.8 Stars- 264 Posts"
	},

			{
		"id": "crown-shy",
		"name": "Crown Shy",
		"Address": "70 Pine Street Ground Floor, New York, NY 10005",
		"Phone":"(212) 517-1932",
		"Hours": "Monday-Sunday: 5:30PM-12AM" , 
		"Category": "American",
		"Rating": "4.6 Stars- 713 Posts"
	},


				{
		"id": "the-fulton",
		"name": "The Fulton by Jean-Georges",
		"Address": "89 South St- Pier 17, New York, NY 10038",
		"Phone":"(212) 838-1200",
		"Hours": "Monday-Sunday: 11:30AM-10:30PM" , 
		"Category": "Seafood",
		"Rating": "4.3 Stars- 590 Posts"
	},






]